1.        
  create database top_assignment;
  use top_assignment;
  create table student
  (
   ROLL_NO INT,
   NAME VARCHAR(20),
   BRANCH VARCHAR(20),
   PRIMARY KEY (ROLL_NO)
   );
   INSERT INTO STUDENT(ROLL_NO,NAME,BRANCH)VALUES(1,"Jay","Computer Science"),(2,"Suhani","Electronic And Com"),(3,"Kriti","Electronic And Com");
  create table exam
 (
  ROLL_NO INT,
  S_CODE VARCHAR(20),
  MARKS INT,
  P_CODE VARCHAR(20),
  FOREIGN KEY(ROLL_NO) REFERENCES STUDENT(ROLL_NO)
  );
  INSERT INTO EXAM (ROLL_NO,S_CODE,MARKS,P_CODE)VALUES(1,"CS11",50,"CS"),(1,"CS12",60,"CS"),(2,"EC101",66,"EC"),(2,"EC102",70,"EC"),(3,"EC101",45,"EC"),(3,"EC102",50,"EC");
  
  
  2.
  
 CREATE TABLE DATA
 (
  FIRST_NAME VARCHAR(20),
  LAST_NAME VARCHAR(20),
  ADDRESS VARCHAR(20),
  CITY VARCHAR(20),
  AGE INT
  );
  INSERT INTO DATA(FIRST_NAME,LAST_NAME,ADDRESS,CITY,AGE)VALUES
  ("Mickey","Mouse","123 Fantasy Way","Anaheim",73),
  ("Bat","Man","321 Cavern Way","Gotham",54),
  ("Wonder","Woman","987 Truth Way","Paradise",39),
  ("Donald","Duck","555 Quack Street","Mallard",65),
  ("Bugs","Bunny","567 Carrot Street","Rascal",58),
  ("Wiley","Coyote","999 Acme Way","Canyon",61),
  ("Cat","Woman","234 Purrfect street","Haiball",32),
  ("Tweety", "Bird",543,"Itotltaw",28);


  3.
  create table Employee
  (
  EMPLOYEE_ID INT,
  FIRST_NAME VARCHAR(20),
  LAST_NAME VARCHAR(20),
  SALARY INT,
  JOINING_DATE DATETIME,
  DEPARTMENT VARCHAR(20),
  PRIMARY KEY(EMPLOYEE_ID)
  );
INSERT INTO EMPLOYEE(EMPLOYEE_ID,FIRST_NAME,LAST_NAME,SALARY,JOINING_DATE,DEPARTMENT)
VALUES
(1,"John","Abraham",1000000,'2013-01-01 12:00:00',"Banking"),
(2,"Michael","Clarke",800000,'2013-01-01 12:00:00',"Insurance"),
(3,"Roy","Thomas",700000,'2013-02-01 12:00:00',"Banking"),
(4,"Tom","Jose",600000,'2013-02-01 12:00:00',"Insurance"),
(5,"Jerry","Pinto",650000,'2013-02-01 12:00:00',"Insurance"),
(6,"Philip","Mathew",750000,'2013-01-01 12:00:00',"Services"),
(7,"Testname1",123,650000,'2013-01-01 12:00:00',"Services"),
(8,"Testname2","Lname%",600000,'2013-02-01 12:00:00',"Insurance");
CREATE TABLE INCENTIVE
(
EMPLOYEE_REF_ID INT,
INCENTIVE_DATE DATE,
INCENTIVE_AMOUNT INT,
FOREIGN KEY(EMPLOYEE_REF_ID)REFERENCES EMPLOYEE(EMPLOYEE_ID)
); 	
INSERT INTO INCENTIVE(EMPLOYEE_REF_ID,INCENTIVE_DATE,INCENTIVE_AMOUNT)VALUES
(1,'2013-02-01',5000),(2,'2013-02-01',3000),(3,'2013-02-01',4000),(4,'2013-01-01',4500),(5,'2013-01-01',3500);
A>
SELECT*FROM EMPLOYEE WHERE FIRST_NAME="Tom";
b>
SELECT FIRST_NAME,JOINING_DATE,SALARY FROM EMPLOYEE;
C>
SELECT*FROM EMPLOYEE ORDER BY FIRST_NAME ASC;
SELECT*FROM EMPLOYEE ORDER BY SALARY DESC;
D>
SELECT*FROM EMPLOYEE WHERE FIRST_NAME LIKE'J%';
E>
SELECT * FROM EMPLOYEE GROUP BY DEPARTMENT ORDER BY SALARY ASC;
F>
SELECT EMPLOYEE.FIRST_NAME,INCENTIVE.INCENTIVE_AMOUNT FROM EMPLOYEE INNER JOIN  INCENTIVE ON EMPLOYEE.EMPLOYEE_ID = INCENTIVE.EMPLOYEE_REF_ID WHERE INCENTIVE_AMOUNT > 3000;



4.
create table salesperson
(
 (PK)SNo int,
 SNAME VARCHAR(20),
 CITY VARCHAR(20),
 COMM FLOAT,
 PRIMARY KEY((PK)SNo)
 );
 insert into salesperson((PK)SNo,SNAME,CITY,COMM)VALUES
 (1001,"Peel","London",0.12),(1002,"Serres","San Jose",0.13),(1004,"Motika","London",0.11),(1007,"Rafkin","Barcelona",0.15),(1003,"Axelrod","New York",0.1);
create table customer
(
(PK)CNM. INT,
CNAME VARCHAR(20),
CITY VARCHAR(20),
RATING INT,
(FK)SNO INT,
PRIMARY KEY ((PK)CNM),
FOREIGN KEY ((FK)SNO) REFERENCES SALESPERSON((PK)SNO)
);
INSERT INTO CUSTOMER((PK)CNM.,CNAME,CITY,RATING,(FK)SNO) VALUES
(201,"Hoffman","London",100,1001),(202,"Giovanne","Roe",200,1003),(203,"Liu","San Jose",300,1002),(204,"Grass","Barcelona",100,1002),(206,"Clemens","London",300,1007),(207,"Pereira","Roe",100,1004);
b>
SELECT SNAME,CITY,COMM FROM SALESPERSON where CITY="London" and COMM>=.12;
c>
SELECT*FROM SALESPERSON WHERE CITY="Barcelona" or CITY="London";
d>
SELECT*FROM SALESPERSON WHERE COMM BETWEEN 0.10 AND 0.12 NOT IN (0.10,0.12);
e>
SELECT*FROM CUSTOMER WHERE RATING > 100 EXCEPT SELECT*FROM CUSTOMER WHERE CITY="Roe";